{
    "6.0": {
        "100 (non-PBC)": {
            "vesin": {
                "mean": 0.03351246317227681,
                "std": 0.0030798793877565415
            },
            "rs_1": {
                "mean": 0.010055464614803594,
                "std": 0.0011255647541348764
            },
            "rs_20": {
                "mean": 0.010199462606882054,
                "std": 0.0011342448423915345
            }
        },
        "Two Clusters (non-PBC)": {
            "vesin": {
                "mean": 0.009662929611901442,
                "std": 0.0007784706372036878
            },
            "rs_1": {
                "mean": 0.0015946628991514444,
                "std": 0.0001602797858864944
            },
            "rs_20": {
                "mean": 0.0015829340554773808,
                "std": 0.00017473615712061615
            }
        },
        "1,000 (non-PBC)": {
            "vesin": {
                "mean": 2.0447387340633822,
                "std": 0.014200016824838202
            },
            "rs_1": {
                "mean": 1.2302079373815407,
                "std": 0.1475900197378409
            },
            "rs_20": {
                "mean": 0.879500265000388,
                "std": 0.053086973646307
            }
        },
        "10,000 (non-PBC)": {
            "vesin": {
                "mean": 161.68080133114321,
                "std": 1.1859037950163298
            },
            "rs_1": {
                "mean": 15.379354596370831,
                "std": 0.15209747181629116
            },
            "rs_20": {
                "mean": 6.442394736222923,
                "std": 0.6339616778517976
            }
        },
        "20,000 (non-PBC)": {
            "vesin": {
                "mean": 628.4482664642079,
                "std": 1.141176581232722
            },
            "rs_1": {
                "mean": 52.076003661689654,
                "std": 1.268686429198241
            },
            "rs_20": {
                "mean": 15.286485334703078,
                "std": 0.8619169840552027
            }
        },
        "1,000 (Ethanol PBC)": {
            "vesin": {
                "mean": 2.324678401540344,
                "std": 0.040212135843184255
            },
            "rs_1": {
                "mean": 1.5467001299839467,
                "std": 0.15497472798650544
            },
            "rs_20": {
                "mean": 1.272699599697565,
                "std": 0.21351301882751902
            }
        },
        "10,000 (Ethanol PBC)": {
            "vesin": {
                "mean": 20.457846531644464,
                "std": 0.06084291793746408
            },
            "rs_1": {
                "mean": 27.983208866013836,
                "std": 1.9680572510193344
            },
            "rs_20": {
                "mean": 7.324685398877288,
                "std": 0.975388206770954
            }
        },
        "20,000 (Ethanol PBC)": {
            "vesin": {
                "mean": 47.530709267205864,
                "std": 0.8597352689880319
            },
            "rs_1": {
                "mean": 52.94186213480619,
                "std": 1.0103311190055704
            },
            "rs_20": {
                "mean": 16.10360693302937,
                "std": 0.9930203685915457
            }
        },
        "Si Bulk (PBC)": {
            "vesin": {
                "mean": 0.02674019973104199,
                "std": 0.003957968548736237
            },
            "rs_1": {
                "mean": 0.06201906750599542,
                "std": 0.05665024900593634
            },
            "rs_20": {
                "mean": 0.02754020000187059,
                "std": 0.009314545784434209
            }
        }
    },
    "14.0": {
        "100 (non-PBC)": {
            "vesin": {
                "mean": 0.035000472174336515,
                "std": 0.0015289343565361448
            },
            "rs_1": {
                "mean": 0.017400534125044942,
                "std": 0.0004254462577051002
            },
            "rs_20": {
                "mean": 0.017769599799066782,
                "std": 0.001148525219789807
            }
        },
        "Two Clusters (non-PBC)": {
            "vesin": {
                "mean": 0.0236319979497542,
                "std": 0.003548299405868589
            },
            "rs_1": {
                "mean": 0.0018613315963496766,
                "std": 0.00011996888295328445
            },
            "rs_20": {
                "mean": 0.00187200882161657,
                "std": 0.00016264929115928926
            }
        },
        "1,000 (non-PBC)": {
            "vesin": {
                "mean": 4.135721537750214,
                "std": 0.012700410540499378
            },
            "rs_1": {
                "mean": 3.29061586332197,
                "std": 0.17657607756411062
            },
            "rs_20": {
                "mean": 3.0465799965895712,
                "std": 0.5102545242106926
            }
        },
        "10,000 (non-PBC)": {
            "vesin": {
                "mean": 261.55459353079397,
                "std": 1.108091101876815
            },
            "rs_1": {
                "mean": 189.21192946727388,
                "std": 12.182394937968743
            },
            "rs_20": {
                "mean": 36.7526176016933,
                "std": 2.925995926569321
            }
        },
        "20,000 (non-PBC)": {
            "vesin": {
                "mean": 821.1025809306495,
                "std": 2.8103779873184873
            },
            "rs_1": {
                "mean": 395.38671960278106,
                "std": 6.548500105533648
            },
            "rs_20": {
                "mean": 77.95014826891324,
                "std": 5.731072035063633
            }
        },
        "1,000 (Ethanol PBC)": {
            "vesin": {
                "mean": 49.367036134935915,
                "std": 0.2535461406733214
            },
            "rs_1": {
                "mean": 32.32965000012579,
                "std": 1.5324780719287594
            },
            "rs_20": {
                "mean": 9.192121669184417,
                "std": 0.8823543825204747
            }
        },
        "10,000 (Ethanol PBC)": {
            "vesin": {
                "mean": 232.59254193205075,
                "std": 1.4130082553865524
            },
            "rs_1": {
                "mean": 247.26256446641247,
                "std": 1.2145792347154065
            },
            "rs_20": {
                "mean": 51.667989272391424,
                "std": 3.143132359561901
            }
        },
        "20,000 (Ethanol PBC)": {
            "vesin": {
                "mean": 803.0028562740578,
                "std": 2.0104654575270273
            },
            "rs_1": {
                "mean": 604.8038390038225,
                "std": 14.902000943616644
            },
            "rs_20": {
                "mean": 106.19733413332142,
                "std": 6.079765569597519
            }
        },
        "Si Bulk (PBC)": {
            "vesin": {
                "mean": 0.06433906382881105,
                "std": 0.01687494938680886
            },
            "rs_1": {
                "mean": 0.042029734080036484,
                "std": 0.0018239265997501619
            },
            "rs_20": {
                "mean": 0.12474753505860767,
                "std": 0.030810500115891495
            }
        }
    },
    "30.0": {
        "100 (non-PBC)": {
            "vesin": {
                "mean": 0.037830404471606016,
                "std": 0.010718959729835956
            },
            "rs_1": {
                "mean": 0.018735932341466345,
                "std": 0.0006935938395662122
            },
            "rs_20": {
                "mean": 0.01854399646011492,
                "std": 0.0018063123681217278
            }
        },