{
    "6.0": {
        "100 (non-PBC)": {
            "vesin": 0.04577528514866052,
            "rs_1": 0.029777855421083847,
            "rs_8": 0.030413143187096075
        },
        "Two Clusters (non-PBC)": {
            "vesin": 0.016833998545605158,
            "rs_1": 0.009243285083877189,
            "rs_8": 0.009032998475179608
        },
        "1,000 (non-PBC)": {
            "vesin": 2.0891648580020825,
            "rs_1": 1.3876178553411072,
            "rs_8": 1.0429972847175253
        },
        "10,000 (non-PBC)": {
            "vesin": 158.63330999854952,
            "rs_1": 18.362634000368416,
            "rs_8": 7.6539565717601885
        },
        "20,000 (non-PBC)": {
            "vesin": 628.7691664277061,
            "rs_1": 56.015333999571986,
            "rs_8": 17.886445571743284
        },
        "1,000 (Ethanol PBC)": {
            "vesin": 2.374817999745054,
            "rs_1": 1.9708702862512189,
            "rs_8": 1.2118567132607236
        },
        "10,000 (Ethanol PBC)": {
            "vesin": 21.21495228389644,
            "rs_1": 25.975210428961354,
            "rs_8": 8.745929571367535
        },
        "20,000 (Ethanol PBC)": {
            "vesin": 40.09232628699725,
            "rs_1": 52.45562200018737,
            "rs_8": 16.542692856871458
        },
        "Si Bulk (PBC)": {
            "vesin": 0.04627342838960301,
            "rs_1": 0.07398742829017076,
            "rs_8": 0.13750185774240112
        }
    },
    "14.0": {
        "100 (non-PBC)": {
            "vesin": 0.04918314204717587,
            "rs_1": 0.04229185703609671,
            "rs_8": 0.05771099988903318
        },
        "Two Clusters (non-PBC)": {
            "vesin": 0.01715399931916701,
            "rs_1": 0.008664999248659504,
            "rs_8": 0.008706143749545195
        },
        "1,000 (non-PBC)": {
            "vesin": 4.78436571263176,
            "rs_1": 4.838758144095274,
            "rs_8": 2.9672297137689645
        },
        "10,000 (non-PBC)": {
            "vesin": 254.84054057181183,
            "rs_1": 172.93262814200716,
            "rs_8": 46.19464942723945
        },
        "20,000 (non-PBC)": {
            "vesin": 824.5541242847269,
            "rs_1": 395.3684148582397,
            "rs_8": 91.62818428740138
        },
        "1,000 (Ethanol PBC)": {
            "vesin": 49.24113142728207,
            "rs_1": 33.972345856974634,
            "rs_8": 14.806745713160906
        },
        "10,000 (Ethanol PBC)": {
            "vesin": 232.73115214189082,
            "rs_1": 265.64756500010844,
            "rs_8": 68.10565899857986
        },
        "20,000 (Ethanol PBC)": {
            "vesin": 791.9344612840048,
            "rs_1": 727.9532435724312,
            "rs_8": 171.22594214223292
        },
        "Si Bulk (PBC)": {
            "vesin": 0.08340685807135222,
            "rs_1": 0.20584628613765485,
            "rs_8": 0.2926612859092919
        }
    },
    "20.0": {
        "100 (non-PBC)": {
            "vesin": 0.040778855951170305,
            "rs_1": 0.03540771389712712,
            "rs_8": 0.052154714856962006
        },
        "Two Clusters (non-PBC)": {
            "vesin": 0.03988742849157591,
            "rs_1": 0.009341571837597127,
            "rs_8": 0.008932427070768816
        },
        "1,000 (non-PBC)": {
            "vesin": 2.7817851431401714,
            "rs_1": 5.687696714760802,
            "rs_8": 4.775962715419674
        },
        "10,000 (non-PBC)": {
            "vesin": 377.187887999753,
            "rs_1": 371.7817351425765,
            "rs_8": 94.69587242970842
        },
        "20,000 (non-PBC)": {
            "vesin": 1099.758298429411,
            "rs_1": 958.6289559998216,
            "rs_8": 236.94395128612607
        },
        "1,000 (Ethanol PBC)": {
            "vesin": 62.36800000000845,
            "rs_1": 65.624564713549,
            "rs_8": 27.746115142820468
        },
        "10,000 (Ethanol PBC)": {
            "vesin": 771.948694288897,
            "rs_1": 729.7648621429938,
            "rs_8": 192.80977285857912
        },
        "20,000 (Ethanol PBC)": {
            "vesin": 2744.6912594283017,
            "rs_1": 2027.5438765716638,
            "rs_8": 507.6892567147817
        },
        "Si Bulk (PBC)": {
            "vesin": 0.14758285500907473,
            "rs_1": 0.2643614279804751,
            "rs_8": 0.25969171526542467
        }
    }
}