{
    "6.0": {
        "100 (non-PBC)": {
            "vesin": 0.04696671385318041,
            "rs_1": 0.03177128590842975,
            "rs_8": 0.029412572205598866
        },
        "Two Clusters (non-PBC)": {
            "vesin": 0.014971428234795374,
            "rs_1": 0.008985144501951123,
            "rs_8": 0.008271999831777066
        },
        "1,000 (non-PBC)": {
            "vesin": 2.0685460019324506,
            "rs_1": 1.4316491433419287,
            "rs_8": 0.8226997150424202
        },
        "10,000 (non-PBC)": {
            "vesin": 159.27331228470263,
            "rs_1": 18.36199771475679,
            "rs_8": 8.476786854901418
        },
        "20,000 (non-PBC)": {
            "vesin": 628.812640144523,
            "rs_1": 54.7017042855649,
            "rs_8": 17.333474572556693
        },
        "1,000 (Ethanol PBC)": {
            "vesin": 2.3353407128264996,
            "rs_1": 2.0115244291706142,
            "rs_8": 1.204330854566901
        },
        "10,000 (Ethanol PBC)": {
            "vesin": 21.39253028456421,
            "rs_1": 29.227967856318823,
            "rs_8": 8.287100570409425
        },
        "20,000 (Ethanol PBC)": {
            "vesin": 40.06159728721416,
            "rs_1": 59.7456838555185,
            "rs_8": 19.439977286050894
        },
        "Si Bulk (PBC)": {
            "vesin": 0.042315286659036895,
            "rs_1": 0.06877928535686806,
            "rs_8": 0.10910156873121325
        }
    },
    "14.0": {
        "100 (non-PBC)": {
            "vesin": 0.08353585560273911,
            "rs_1": 0.0420204274372996,
            "rs_8": 0.059862714676585584
        },
        "Two Clusters (non-PBC)": {
            "vesin": 0.01645714239982356,
            "rs_1": 0.00952214135655335,
            "rs_8": 0.009296000436214464
        },
        "1,000 (non-PBC)": {
            "vesin": 4.83251442866666,
            "rs_1": 4.549845284990234,
            "rs_8": 3.505584855572254
        },
        "10,000 (non-PBC)": {
            "vesin": 254.28225771611324,
            "rs_1": 176.16262056981213,
            "rs_8": 47.092505284776315
        },
        "20,000 (non-PBC)": {
            "vesin": 828.5127421446044,
            "rs_1": 397.7016157129713,
            "rs_8": 91.00167042717138
        },
        "1,000 (Ethanol PBC)": {
            "vesin": 49.335914570422446,
            "rs_1": 33.31666442785978,
            "rs_8": 13.811191285120524
        },
        "10,000 (Ethanol PBC)": {
            "vesin": 232.8338945725201,
            "rs_1": 264.21096871386646,
            "rs_8": 66.55714057186353
        },
        "20,000 (Ethanol PBC)": {
            "vesin": 799.0676384277841,
            "rs_1": 724.9108211430472,
            "rs_8": 168.37760943079567
        },
        "Si Bulk (PBC)": {
            "vesin": 0.08334842797402027,
            "rs_1": 0.27125657132793485,
            "rs_8": 0.3339694282788384
        }
    },
    "20.0": {
        "100 (non-PBC)": {
            "vesin": 0.04105128547442811,
            "rs_1": 0.040909569569131624,
            "rs_8": 0.04357928680422317
        },
        "Two Clusters (non-PBC)": {
            "vesin": 0.04344214331857594,
            "rs_1": 0.01012099944221388,
            "rs_8": 0.009538285667076707
        },
        "1,000 (non-PBC)": {
            "vesin": 2.970217428810429,
            "rs_1": 5.443318144118946,
            "rs_8": 5.117520143228051
        },
        "10,000 (non-PBC)": {
            "vesin": 374.00625785604853,
            "rs_1": 375.6779811426116,
            "rs_8": 95.29103699813797
        },
        "20,000 (non-PBC)": {
            "vesin": 1107.8659158572138,
            "rs_1": 1001.1244388588239,
            "rs_8": 246.47371128542414
        },
        "1,000 (Ethanol PBC)": {
            "vesin": 63.00335942796664,
            "rs_1": 71.16730999924974,
            "rs_8": 26.678924143197946
        },
        "10,000 (Ethanol PBC)": {
            "vesin": 783.7619737131588,
            "rs_1": 761.1651667144282,
            "rs_8": 198.22106485558575
        },
        "20,000 (Ethanol PBC)": {
            "vesin": 2709.1998028564767,
            "rs_1": 2020.1729302872473,
            "rs_8": 508.27737056949576
        },
        "Si Bulk (PBC)": {
            "vesin": 0.1475014297674144,
            "rs_1": 0.3376291434895912,
            "rs_8": 0.23697328599934867
        }
    }
}