{
    "6.0": {
        "100 (non-PBC)": {
            "vesin": 0.05845263755569855,
            "rs_1": 0.08467134709159534,
            "rs_8": 0.08640997111797333
        },
        "Two Clusters (non-PBC)": {
            "vesin": 0.019354668135444324,
            "rs_1": 0.0204529690866669,
            "rs_8": 0.01975967704008023
        },
        "1,000 (non-PBC)": {
            "vesin": 2.3580417037010193,
            "rs_1": 1.6081166686490178,
            "rs_8": 1.205148679825167
        },
        "10,000 (non-PBC)": {
            "vesin": 161.63147299084812,
            "rs_1": 21.454237362680335,
            "rs_8": 8.68959166109562
        },
        "20,000 (non-PBC)": {
            "vesin": 625.2296409802511,
            "rs_1": 52.97420697752386,
            "rs_8": 18.500669316078227
        },
        "1,000 (Ethanol PBC)": {
            "vesin": 2.425593634446462,
            "rs_1": 2.3224636679515243,
            "rs_8": 1.4331952746336658
        },
        "10,000 (Ethanol PBC)": {
            "vesin": 20.990464991579454,
            "rs_1": 26.123122312128544,
            "rs_8": 9.649046696722507
        },
        "20,000 (Ethanol PBC)": {
            "vesin": 39.20252368940661,
            "rs_1": 51.87836999539286,
            "rs_8": 17.87654065992683
        },
        "Si Bulk (PBC)": {
            "vesin": 0.07514065752426784,
            "rs_1": 0.1931826506430904,
            "rs_8": 0.25063865662862855
        }
    },
    "14.0": {
        "100 (non-PBC)": {
            "vesin": 0.0450560279811422,
            "rs_1": 0.09385531302541494,
            "rs_8": 0.07091699323306482
        },
        "Two Clusters (non-PBC)": {
            "vesin": 0.02396230896313985,
            "rs_1": 0.017962690132359665,
            "rs_8": 0.019156956113874912
        },
        "1,000 (non-PBC)": {
            "vesin": 5.176016983265678,
            "rs_1": 6.774800325122972,
            "rs_8": 3.0950503035758934
        },
        "10,000 (non-PBC)": {
            "vesin": 258.59294936526567,
            "rs_1": 174.60934701375663,
            "rs_8": 56.58271831149856
        },
        "20,000 (non-PBC)": {
            "vesin": 834.0613416706523,
            "rs_1": 377.67503697735566,
            "rs_8": 108.60799431490402
        },
        "1,000 (Ethanol PBC)": {
            "vesin": 50.246703322045505,
            "rs_1": 32.61231332241247,
            "rs_8": 13.169044977985322
        },
        "10,000 (Ethanol PBC)": {
            "vesin": 241.55979168911776,
            "rs_1": 256.25167569766444,
            "rs_8": 77.83602562267333
        },
        "20,000 (Ethanol PBC)": {
            "vesin": 797.336236651366,
            "rs_1": 682.8877003475403,
            "rs_8": 186.31924533595642
        },
        "Si Bulk (PBC)": {
            "vesin": 0.11751397202412288,
            "rs_1": 0.22375866925964752,
            "rs_8": 0.5363536765798926
        }
    },
    "20.0": {
        "100 (non-PBC)": {
            "vesin": 0.05418636525670687,
            "rs_1": 0.0651836550484101,
            "rs_8": 0.0628846852729718
        },
        "Two Clusters (non-PBC)": {
            "vesin": 0.029429056060810883,
            "rs_1": 0.018357299268245697,
            "rs_8": 0.02130668144673109
        },
        "1,000 (non-PBC)": {
            "vesin": 2.859063330106437,
            "rs_1": 9.449931016812721,
            "rs_8": 5.31069499750932
        },
        "10,000 (non-PBC)": {
            "vesin": 391.68580799984437,
            "rs_1": 387.8509126370773,
            "rs_8": 105.44233031881352
        },
        "20,000 (non-PBC)": {
            "vesin": 1138.289638950179,
            "rs_1": 968.9247589946414,
            "rs_8": 287.0804319391027
        },
        "1,000 (Ethanol PBC)": {
            "vesin": 64.50312266436715,
            "rs_1": 70.26523464204122,
            "rs_8": 27.268452026570838
        },
        "10,000 (Ethanol PBC)": {
            "vesin": 785.9384159867963,
            "rs_1": 732.9944553008924,
            "rs_8": 205.9080519635851
        },
        "20,000 (Ethanol PBC)": {
            "vesin": 2747.3973570158705,
            "rs_1": 1843.3784799805533,
            "rs_8": 541.848813649267
        },
        "Si Bulk (PBC)": {
            "vesin": 0.1789056695997715,
            "rs_1": 0.31597702763974667,
            "rs_8": 0.4092453358074029
        }
    }
}