{
  "10000": {
    "6.0": {
      "mean_ms": 4.937429423443973,
      "std_ms": 0.710276292880692,
      "repeats": 5
    },
    "14.0": {
      "mean_ms": 38.516713795252144,
      "std_ms": 3.316834108767134,
      "repeats": 5
    }
  },
  "20000": {
    "6.0": {
      "mean_ms": 8.407304622232914,
      "std_ms": 0.7622477158352396,
      "repeats": 5
    },
    "14.0": {
      "mean_ms": 113.21929437108338,
      "std_ms": 7.155801286886474,
      "repeats": 5
    }
  }
}