{
    "6.0": {
        "100 (non-PBC)": {
            "vesin": 0.05008428602845275,
            "rs_1": 0.03296442758125652,
            "rs_8": 0.02751085828224729
        },
        "Two Clusters (non-PBC)": {
            "vesin": 0.015094857579762382,
            "rs_1": 0.009629714311034019,
            "rs_8": 0.009993141117904867
        },
        "1,000 (non-PBC)": {
            "vesin": 2.0936814294795374,
            "rs_1": 1.3441368584088715,
            "rs_8": 0.9156515734503046
        },
        "10,000 (non-PBC)": {
            "vesin": 160.39500771252537,
            "rs_1": 18.643582427882524,
            "rs_8": 8.317848712197572
        },
        "20,000 (non-PBC)": {
            "vesin": 633.5734197148538,
            "rs_1": 50.193074001331944,
            "rs_8": 17.55302028738827
        },
        "1,000 (Ethanol PBC)": {
            "vesin": 2.3696875702756057,
            "rs_1": 1.9471907144179568,
            "rs_8": 1.1474954278258207
        },
        "10,000 (Ethanol PBC)": {
            "vesin": 20.67487428679929,
            "rs_1": 24.648588143463712,
            "rs_8": 9.26190728517083
        },
        "20,000 (Ethanol PBC)": {
            "vesin": 39.828755573710495,
            "rs_1": 51.75185357178894,
            "rs_8": 19.70899228659359
        },
        "Si Bulk (PBC)": {
            "vesin": 0.04543071346623557,
            "rs_1": 0.2016221416332493,
            "rs_8": 0.11133671276703742
        }
    },
    "14.0": {
        "100 (non-PBC)": {
            "vesin": 0.049174713369991095,
            "rs_1": 0.04393128412110465,
            "rs_8": 0.036260429104524
        },
        "Two Clusters (non-PBC)": {
            "vesin": 0.037428429225526215,
            "rs_1": 0.00903757193425138,
            "rs_8": 0.009730286754867328
        },
        "1,000 (non-PBC)": {
            "vesin": 4.778919999288129,
            "rs_1": 4.61819842998271,
            "rs_8": 2.675176715586401
        },
        "10,000 (non-PBC)": {
            "vesin": 253.81422914194573,
            "rs_1": 172.44201542780502,
            "rs_8": 51.12875457312579
        },
        "20,000 (non-PBC)": {
            "vesin": 819.4282794283936,
            "rs_1": 397.4644885716511,
            "rs_8": 90.5266227138262
        },
        "1,000 (Ethanol PBC)": {
            "vesin": 49.73175971411235,
            "rs_1": 35.164024286911754,
            "rs_8": 14.04571671550262
        },
        "10,000 (Ethanol PBC)": {
            "vesin": 234.47689400096093,
            "rs_1": 264.7047671416658,
            "rs_8": 70.98678171418474
        },
        "20,000 (Ethanol PBC)": {
            "vesin": 811.0272529998578,
            "rs_1": 721.491693428626,
            "rs_8": 164.43774171472927
        },
        "Si Bulk (PBC)": {
            "vesin": 0.08370942668989301,
            "rs_1": 0.16180742906206952,
            "rs_8": 0.22478114156651177
        }
    },
    "20.0": {
        "100 (non-PBC)": {
            "vesin": 0.047842144600248764,
            "rs_1": 0.04710842975847689,
            "rs_8": 0.0453141432704537
        },
        "Two Clusters (non-PBC)": {
            "vesin": 0.017529142496641725,
            "rs_1": 0.010066286319800253,
            "rs_8": 0.009369000118957567
        },
        "1,000 (non-PBC)": {
            "vesin": 2.935156286444648,
            "rs_1": 5.960111283846865,
            "rs_8": 4.984162428757243
        },
        "10,000 (non-PBC)": {
            "vesin": 379.3517588575404,
            "rs_1": 384.3956480008533,
            "rs_8": 92.53033971409812
        },
        "20,000 (non-PBC)": {
            "vesin": 1129.7855507145869,
            "rs_1": 1002.8148494290821,
            "rs_8": 251.94279214338167
        },
        "1,000 (Ethanol PBC)": {
            "vesin": 54.3637144281612,
            "rs_1": 68.31514342879278,
            "rs_8": 30.247681429110735
        },
        "10,000 (Ethanol PBC)": {
            "vesin": 792.642042857811,
            "rs_1": 743.6770421419559,
            "rs_8": 191.7916608581436
        },
        "20,000 (Ethanol PBC)": {
            "vesin": 2740.2789038574806,
            "rs_1": 2101.0482465738146,
            "rs_8": 520.9347058574037
        },
        "Si Bulk (PBC)": {
            "vesin": 0.1476362854841032,
            "rs_1": 0.21622799977194518,
            "rs_8": 0.21846114291942545
        }
    }
}