{
    "6.0": {
        "100 (non-PBC)": {
            "vesin": 0.04649128407306437,
            "rs_1": 0.02725028441221054,
            "rs_8": 0.03069257114215621
        },
        "Two Clusters (non-PBC)": {
            "vesin": 0.014089002174192242,
            "rs_1": 0.009202284023298748,
            "rs_8": 0.009513144115252154
        },
        "1,000 (non-PBC)": {
            "vesin": 2.1334852852825343,
            "rs_1": 1.5313084295485169,
            "rs_8": 0.947028718655929
        },
        "10,000 (non-PBC)": {
            "vesin": 160.3395591456709,
            "rs_1": 18.24922185707172,
            "rs_8": 8.882095999849428
        },
        "20,000 (non-PBC)": {
            "vesin": 629.9531711410964,
            "rs_1": 55.14657214267312,
            "rs_8": 17.591746143547685
        },
        "1,000 (Ethanol PBC)": {
            "vesin": 2.333756710868329,
            "rs_1": 1.8369991448707879,
            "rs_8": 1.1643835709297232
        },
        "10,000 (Ethanol PBC)": {
            "vesin": 20.64627585683151,
            "rs_1": 25.858336569009616,
            "rs_8": 9.641661712001744
        },
        "20,000 (Ethanol PBC)": {
            "vesin": 48.93814428526509,
            "rs_1": 58.62066514341028,
            "rs_8": 18.836051144587277
        },
        "Si Bulk (PBC)": {
            "vesin": 0.04465813981369138,
            "rs_1": 0.2374782842317862,
            "rs_8": 0.2362348563370428
        }
    },
    "14.0": {
        "100 (non-PBC)": {
            "vesin": 0.07983743021863379,
            "rs_1": 0.034797714241514247,
            "rs_8": 0.03679999749043158
        },
        "Two Clusters (non-PBC)": {
            "vesin": 0.036962286685593426,
            "rs_1": 0.010089000820049219,
            "rs_8": 0.010982856370641716
        },
        "1,000 (non-PBC)": {
            "vesin": 4.7576479971342325,
            "rs_1": 4.767524564938087,
            "rs_8": 2.920237571483345
        },
        "10,000 (non-PBC)": {
            "vesin": 253.0180759994047,
            "rs_1": 172.9676867149205,
            "rs_8": 42.52520328321095
        },
        "20,000 (non-PBC)": {
            "vesin": 825.9273772813946,
            "rs_1": 391.770801286579,
            "rs_8": 88.80207471416465
        },
        "1,000 (Ethanol PBC)": {
            "vesin": 49.23172100097872,
            "rs_1": 38.08929729192251,
            "rs_8": 15.139955991928998
        },
        "10,000 (Ethanol PBC)": {
            "vesin": 234.42171371217617,
            "rs_1": 263.9686520020145,
            "rs_8": 67.71963328355923
        },
        "20,000 (Ethanol PBC)": {
            "vesin": 812.5722074265858,
            "rs_1": 728.9323527116461,
            "rs_8": 165.25626643020328
        },
        "Si Bulk (PBC)": {
            "vesin": 0.0835838561345424,
            "rs_1": 0.09852771472651511,
            "rs_8": 0.14348528514217054
        }
    },
    "20.0": {
        "100 (non-PBC)": {
            "vesin": 0.03957471095158586,
            "rs_1": 0.049915287360948114,
            "rs_8": 0.0401049993732678
        },
        "Two Clusters (non-PBC)": {
            "vesin": 0.020633143971541097,
            "rs_1": 0.01020328324687268,
            "rs_8": 0.011691289338549333
        },
        "1,000 (non-PBC)": {
            "vesin": 2.9691824290369238,
            "rs_1": 6.068316286213563,
            "rs_8": 4.719012712095199
        },
        "10,000 (non-PBC)": {
            "vesin": 378.0708047166367,
            "rs_1": 364.65132985904347,
            "rs_8": 91.19674829084293
        },
        "20,000 (non-PBC)": {
            "vesin": 1095.9536602832875,
            "rs_1": 951.9882602845818,
            "rs_8": 232.0163631437546
        },
        "1,000 (Ethanol PBC)": {
            "vesin": 53.985251144955065,
            "rs_1": 78.9791308592872,
            "rs_8": 27.52439514733851
        },
        "10,000 (Ethanol PBC)": {
            "vesin": 774.3086628553491,
            "rs_1": 758.8533242877539,
            "rs_8": 198.91103157299636
        },
        "20,000 (Ethanol PBC)": {
            "vesin": 2741.9556910026586,
            "rs_1": 2051.546477284449,
            "rs_8": 497.259623285832
        },
        "Si Bulk (PBC)": {
            "vesin": 0.14526585541066847,
            "rs_1": 0.1814575682926391,
            "rs_8": 0.3137771418550983
        }
    }
}