{
    "6.0": {
        "100 (non-PBC)": {
            "vesin": 0.04673571415228902,
            "rs_1": 0.03948314354472261,
            "rs_8": 0.04589000049496202
        },
        "Two Clusters (non-PBC)": {
            "vesin": 0.015981570738534043,
            "rs_1": 0.00845714280980506,
            "rs_8": 0.009401143220851995
        },
        "1,000 (non-PBC)": {
            "vesin": 2.138472715159878,
            "rs_1": 1.3891032852240772,
            "rs_8": 0.8456135718526119
        },
        "10,000 (non-PBC)": {
            "vesin": 158.87293842856056,
            "rs_1": 18.6314765721493,
            "rs_8": 6.537824571881044
        },
        "20,000 (non-PBC)": {
            "vesin": 633.1643648575534,
            "rs_1": 49.21359871410199,
            "rs_8": 16.00223414217388
        },
        "1,000 (Ethanol PBC)": {
            "vesin": 2.370955999400134,
            "rs_1": 1.8930320007452142,
            "rs_8": 1.2400045707181562
        },
        "10,000 (Ethanol PBC)": {
            "vesin": 20.889562714728527,
            "rs_1": 25.499077857862826,
            "rs_8": 8.876673429767834
        },
        "20,000 (Ethanol PBC)": {
            "vesin": 39.61152371422421,
            "rs_1": 52.94804242865731,
            "rs_8": 16.25900542889472
        },
        "Si Bulk (PBC)": {
            "vesin": 0.04201114175625013,
            "rs_1": 0.09223500040077072,
            "rs_8": 0.17684928596801391
        }
    },
    "14.0": {
        "100 (non-PBC)": {
            "vesin": 0.07300314350037038,
            "rs_1": 0.04783285684035426,
            "rs_8": 0.050484285436271294
        },
        "Two Clusters (non-PBC)": {
            "vesin": 0.016815856984716708,
            "rs_1": 0.009117714528526579,
            "rs_8": 0.008676571139533604
        },
        "1,000 (non-PBC)": {
            "vesin": 4.818092428260051,
            "rs_1": 4.332709856888479,
            "rs_8": 2.6584448569337837
        },
        "10,000 (non-PBC)": {
            "vesin": 253.33603400109234,
            "rs_1": 173.84799042909955,
            "rs_8": 43.635031571154414
        },
        "20,000 (non-PBC)": {
            "vesin": 836.8489438575385,
            "rs_1": 383.2095652843626,
            "rs_8": 89.20395257051236
        },
        "1,000 (Ethanol PBC)": {
            "vesin": 50.43439042960277,
            "rs_1": 35.25931428417347,
            "rs_8": 13.704620286651854
        },
        "10,000 (Ethanol PBC)": {
            "vesin": 231.29041214165878,
            "rs_1": 266.12773171447253,
            "rs_8": 64.28933785718982
        },
        "20,000 (Ethanol PBC)": {
            "vesin": 811.2124928572614,
            "rs_1": 717.1963001429893,
            "rs_8": 163.74842671419694
        },
        "Si Bulk (PBC)": {
            "vesin": 0.08483614302739236,
            "rs_1": 0.22161700066395237,
            "rs_8": 0.22943428588665224
        }
    },
    "20.0": {
        "100 (non-PBC)": {
            "vesin": 0.04047285671861443,
            "rs_1": 0.04329342898147713,
            "rs_8": 0.04466714329152767
        },
        "Two Clusters (non-PBC)": {
            "vesin": 0.03929357106764136,
            "rs_1": 0.008632999587072325,
            "rs_8": 0.009343857007999239
        },
        "1,000 (non-PBC)": {
            "vesin": 2.7709518570710707,
            "rs_1": 6.09174085704061,
            "rs_8": 5.2963852852242
        },
        "10,000 (non-PBC)": {
            "vesin": 377.17389171510666,
            "rs_1": 369.6537478561887,
            "rs_8": 90.81710614295194
        },
        "20,000 (non-PBC)": {
            "vesin": 1111.6463454293678,
            "rs_1": 972.363767857522,
            "rs_8": 241.90386357180873
        },
        "1,000 (Ethanol PBC)": {
            "vesin": 53.96189000020968,
            "rs_1": 73.51592814354392,
            "rs_8": 30.3733155721732
        },
        "10,000 (Ethanol PBC)": {
            "vesin": 774.5329312856484,
            "rs_1": 732.6072599997652,
            "rs_8": 195.73029714281023
        },
        "20,000 (Ethanol PBC)": {
            "vesin": 2735.549826857355,
            "rs_1": 1997.5231765706017,
            "rs_8": 494.0255309998715
        },
        "Si Bulk (PBC)": {
            "vesin": 0.14185285752838744,
            "rs_1": 0.25992300028779675,
            "rs_8": 0.26631385688753134
        }
    }
}