{
    "6.0": {
        "100 (non-PBC)": {
            "vesin": 0.05304402605231319,
            "rs_1": 0.03663729876279831,
            "rs_8": 0.03737786651722023
        },
        "Two Clusters (non-PBC)": {
            "vesin": 0.016038605411137854,
            "rs_1": 0.007881017933998789,
            "rs_8": 0.007999861346823829
        },
        "1,000 (non-PBC)": {
            "vesin": 2.1536325803026557,
            "rs_1": 1.3659912760236435,
            "rs_8": 0.9540712760229196
        },
        "10,000 (non-PBC)": {
            "vesin": 161.7495617164033,
            "rs_1": 19.581822146262443,
            "rs_8": 9.546992701611348
        },
        "20,000 (non-PBC)": {
            "vesin": 629.7961621478732,
            "rs_1": 60.2544652564185,
            "rs_8": 19.665307315465594
        },
        "1,000 (Ethanol PBC)": {
            "vesin": 2.3605329749573554,
            "rs_1": 1.9638976913743784,
            "rs_8": 1.3282156848747815
        },
        "10,000 (Ethanol PBC)": {
            "vesin": 21.416293141166015,
            "rs_1": 27.308966581975774,
            "rs_8": 10.12771315540054
        },
        "20,000 (Ethanol PBC)": {
            "vesin": 39.220627763175536,
            "rs_1": 59.29184828086623,
            "rs_8": 21.15827113656061
        },
        "Si Bulk (PBC)": {
            "vesin": 0.04518359699951751,
            "rs_1": 0.16948615666478872,
            "rs_8": 0.12352086404072388
        }
    },
    "14.0": {
        "100 (non-PBC)": {
            "vesin": 0.048600569633500915,
            "rs_1": 0.04400417674332857,
            "rs_8": 0.04400169876004968
        },
        "Two Clusters (non-PBC)": {
            "vesin": 0.016495868164513792,
            "rs_1": 0.007890131590621812,
            "rs_8": 0.008804440897490298
        },
        "1,000 (non-PBC)": {
            "vesin": 4.884239269553551,
            "rs_1": 4.7671160427853465,
            "rs_8": 3.13432770781219
        },
        "10,000 (non-PBC)": {
            "vesin": 254.54367885166513,
            "rs_1": 183.96061642228491,
            "rs_8": 51.51836339583887
        },
        "20,000 (non-PBC)": {
            "vesin": 832.8609311221434,
            "rs_1": 422.2060299777825,
            "rs_8": 97.36944314291966
        },
        "1,000 (Ethanol PBC)": {
            "vesin": 49.46996444570167,
            "rs_1": 36.7344148689881,
            "rs_8": 17.134384701161512
        },
        "10,000 (Ethanol PBC)": {
            "vesin": 236.08423473446496,
            "rs_1": 267.5459421339578,
            "rs_8": 68.84301172768963
        },
        "20,000 (Ethanol PBC)": {
            "vesin": 804.8759548692033,
            "rs_1": 745.0306194867673,
            "rs_8": 169.72445658341582
        },
        "Si Bulk (PBC)": {
            "vesin": 0.08845157987837281,
            "rs_1": 0.14850355884326355,
            "rs_8": 0.193858436042709
        }
    },
    "20.0": {
        "100 (non-PBC)": {
            "vesin": 0.040486471594444344,
            "rs_1": 0.04343256088239806,
            "rs_8": 0.05152630287089518
        },
        "Two Clusters (non-PBC)": {
            "vesin": 0.02074713951775006,
            "rs_1": 0.008073153107294015,
            "rs_8": 0.00875411621694054
        },
        "1,000 (non-PBC)": {
            "vesin": 2.7999068344277993,
            "rs_1": 6.585311427313302,
            "rs_8": 4.631413279899529
        },
        "10,000 (non-PBC)": {
            "vesin": 377.0441040064075,
            "rs_1": 406.0742318397388,
            "rs_8": 97.38585530846778
        },
        "20,000 (non-PBC)": {
            "vesin": 1124.554134589354,
            "rs_1": 1072.9486169958752,
            "rs_8": 257.8607329965702
        },
        "1,000 (Ethanol PBC)": {
            "vesin": 53.73534457092838,
            "rs_1": 81.37395783394042,
            "rs_8": 32.87496472642358
        },
        "10,000 (Ethanol PBC)": {
            "vesin": 802.8399465672139,
            "rs_1": 783.5137278639844,
            "rs_8": 194.43791545927525
        },
        "20,000 (Ethanol PBC)": {
            "vesin": 2729.5252222767367,
            "rs_1": 2088.876204881152,
            "rs_8": 513.9098248577544
        },
        "Si Bulk (PBC)": {
            "vesin": 0.147468111078654,
            "rs_1": 0.30309829993971754,
            "rs_8": 0.26599698633487734
        }
    }
}