{
  "1": 490.42937466704944,
  "2": 277.37373566560564,
  "4": 171.4887746675231,
  "8": 115.08281933371715,
  "12": 95.28878366594047,
  "16": 83.59997566852446,
  "20": 91.81064333339843
}