{
  "1": 566.8872663130363,
  "2": 313.5666973345603,
  "4": 170.32876428371915,
  "8": 107.0845533395186,
  "12": 78.54051302031924,
  "16": 78.07625465405484,
  "20": 71.79929172464956
}