{
  "1": 582.2579586723199,
  "2": 319.67558967880905,
  "4": 185.06647103155652,
  "8": 111.03243097507705,
  "12": 87.96756765029083,
  "16": 74.91081107097368,
  "20": 73.08440934866667
}