{
  "1": 592.9739536950365,
  "2": 315.1225947076455,
  "4": 173.64832398016006,
  "8": 102.86985830559085,
  "12": 83.89843503634135,
  "16": 77.50599497618775,
  "20": 66.6182223164166
}