{
  "1": 501.78187300116406,
  "2": 284.0977089993733,
  "4": 179.47936066654316,
  "8": 126.47000966535416,
  "12": 109.12991266498769,
  "16": 94.32612733386729,
  "20": 83.41751000019333
}